{
    "fidelities_and_expvals_by_noise_strength": {
      "0.002": {
        "fidelities": [
          0.2263560164174055,
          0.63915748049204,
          0.8332470884130548
        ],
        "expvals": [
          -0.4227807941494075,
          -0.1827504424810042,
          -0.14904240330536528
        ],
        "bond_dims": [
          100,
          200,
          300
        ]
      },
      "0.004": {
        "fidelities": [
          0.23952104830851845,
          0.6473807933973778,
          0.8519790186162501
        ],
        "expvals": [
          -0.3033628251512404,
          -0.12189684207426575,
          -0.12228481066286133
        ],
        "bond_dims": [
          100,
          200,
          300
        ]
      },
      "0.006": {
        "fidelities": [
          0.25990864496708194,
          0.6626601845100033,
          0.8705434981360528
        ],
        "expvals": [
          -0.220677596312841,
          -0.09401511364875419,
          -0.10081521808254423
        ],
        "bond_dims": [
          100,
          200,
          300
        ]
      },
      "0.008": {
        "fidelities": [
          0.29395508655820896,
          0.6903098282499738,
          0.8937436185947744
        ],
        "expvals": [
          -0.15595653178519642,
          -0.07754039659391875,
          -0.08243940907550643
        ],
        "bond_dims": [
          100,
          200,
          300
        ]
      },
      "0.01": {
        "fidelities": [
          0.35155313337251193,
          0.7340998359698138,
          0.9147724573094168
        ],
        "expvals": [
          -0.10974154065039028,
          -0.06473629879781112,
          -0.06672781455941973
        ],
        "bond_dims": [
          100,
          200,
          300
        ]
      },
      "0.012": {
        "fidelities": [
          0.4457483351770881,
          0.7994040166779609,
          0.94135657664131
        ],
        "expvals": [
          -0.07813213865047988,
          -0.05033751196854073,
          -0.0537960025455642
        ],
        "bond_dims": [
          100,
          200,
          300
        ]
      },
      "0.014": {
        "fidelities": [
          0.577421888131439,
          0.8736422224298338,
          0.9662698005345217
        ],
        "expvals": [
          -0.057000744247929364,
          -0.04087344877119797,
          -0.04321528979579088
        ],
        "bond_dims": [
          100,
          200,
          300
        ]
      },
      "0.016": {
        "fidelities": [
          0.7217896426371543,
          0.9336654692367661,
          0.9839152481634736
        ],
        "expvals": [
          -0.042759998670422905,
          -0.03357250459516553,
          -0.0347653873498181
        ],
        "bond_dims": [
          100,
          200,
          300
        ]
      },
      "0.018": {
        "fidelities": [
          0.836616911694182,
          0.9682947535107358,
          0.9932122291200948
        ],
        "expvals": [
          -0.03284943575393764,
          -0.027453305505189363,
          -0.02801953589173987
        ],
        "bond_dims": [
          100,
          200,
          300
        ]
      },
      "0.02": {
        "fidelities": [
          0.9121785726519648,
          0.9858973349903112,
          0.9973104285626209
        ],
        "expvals": [
          -0.025693238886627362,
          -0.02233024327145266,
          -0.022617267137749357
        ],
        "bond_dims": [
          100,
          200,
          300
        ]
      },
      "0.022": {
        "fidelities": [
          0.9540836562420072,
          0.9939603730690644,
          0.9989523299488889
        ],
        "expvals": [
          -0.02016222260200225,
          -0.018120338358701256,
          -0.018265983014815468
        ],
        "bond_dims": [
          100,
          200,
          300
        ]
      },
      "0.024": {
        "fidelities": [
          0.9763291849316367,
          0.9973501210689171,
          0.9996006088867853
        ],
        "expvals": [
          -0.015888558144306713,
          -0.01467216564822736,
          -0.014755390206566367
        ],
        "bond_dims": [
          100,
          200,
          300
        ]
      },
      "0.026": {
        "fidelities": [
          0.98784631000423,
          0.9988019387693391,
          0.9998438446428268
        ],
        "expvals": [
          -0.012484806760293805,
          -0.011853775995530733,
          -0.011915191008071705
        ],
        "bond_dims": [
          100,
          200,
          300
        ]
      },
      "0.028": {
        "fidelities": [
          0.993735707010089,
          0.9994519042617674,
          0.9999372260914869
        ],
        "expvals": [
          -0.009855569899855622,
          -0.009558496217010215,
          -0.009611541005380152
        ],
        "bond_dims": [
          100,
          200,
          300
        ]
      },
      "0.03": {
        "fidelities": [
          0.996739877731889,
          0.9997419009367298,
          0.9999738795545579
        ],
        "expvals": [
          -0.007834083993868144,
          -0.007690782812244846,
          -0.007731156421605746
        ],
        "bond_dims": [
          100,
          200,
          300
        ]
      },
      "0.032": {
        "fidelities": [
          0.9982627125124706,
          0.9998777770425566,
          0.9999888218178797
        ],
        "expvals": [
          -0.006232613021097547,
          -0.00617581465735564,
          -0.006204407800000611
        ],
        "bond_dims": [
          100,
          200,
          300
        ]
      },
      "0.034": {
        "fidelities": [
          0.9990569464256499,
          0.9999422885395568,
          0.9999951087989039
        ],
        "expvals": [
          -0.0049696361286006435,
          -0.0049506164472947495,
          -0.004967545057687181
        ],
        "bond_dims": [
          100,
          200,
          300
        ]
      },
      "0.0": {
        "fidelities": [
          0.9744316898542923,
          0.9999431595041616,
          0.9999999409750004
        ],
        "expvals": [
          -0.174719846596123,
          -0.1714272806546127,
          -0.17142406031988666
        ],
        "bond_dims": [
          25,
          50,
          100
        ]
      }
    }
  }
  