{
    "fidelities_and_expvals_by_noise_strength": {
      "0.002": {
        "fidelities": [
          0.2263560164174055,
          0.63915748049204,
          0.8332470884130548
        ],
        "expvals": [
          0.047238255011918126,
          -0.006660707645394686,
          -0.007787846432556129
        ],
        "bond_dims": [
          100,
          200,
          300
        ]
      },
      "0.004": {
        "fidelities": [
          0.23952104830851845,
          0.6473807933973778,
          0.8519790186162501
        ],
        "expvals": [
          0.03165861572919723,
          -0.028421340661423315,
          -0.0251231086798904
        ],
        "bond_dims": [
          100,
          200,
          300
        ]
      },
      "0.006": {
        "fidelities": [
          0.25990864496708194,
          0.6626601845100033,
          0.8705434981360528
        ],
        "expvals": [
          0.01854408777328457,
          -0.03428432271964693,
          -0.020258621805923388
        ],
        "bond_dims": [
          100,
          200,
          300
        ]
      },
      "0.008": {
        "fidelities": [
          0.29395508655820896,
          0.6903098282499738,
          0.8937436185947744
        ],
        "expvals": [
          0.007227982692495437,
          -0.028907170348333813,
          -0.011620882344036293
        ],
        "bond_dims": [
          100,
          200,
          300
        ]
      },
      "0.01": {
        "fidelities": [
          0.35155313337251193,
          0.7340998359698138,
          0.9147724573094168
        ],
        "expvals": [
          0.000539975086752941,
          -0.020720651788789173,
          -0.004009868455452698
        ],
        "bond_dims": [
          100,
          200,
          300
        ]
      },
      "0.012": {
        "fidelities": [
          0.4457483351770881,
          0.7994040166779609,
          0.94135657664131
        ],
        "expvals": [
          -0.0017240878461785244,
          -0.0031840227301249847,
          0.0015359385409157327
        ],
        "bond_dims": [
          100,
          200,
          300
        ]
      },
      "0.014": {
        "fidelities": [
          0.577421888131439,
          0.8736422224298338,
          0.9662698005345217
        ],
        "expvals": [
          -0.0017312887301408064,
          0.0019533165147370196,
          0.0048823127602934
        ],
        "bond_dims": [
          100,
          200,
          300
        ]
      },
      "0.016": {
        "fidelities": [
          0.7217896426371543,
          0.9336654692367661,
          0.9839152481634736
        ],
        "expvals": [
          0.00046634757113813157,
          0.005569317973718442,
          0.006721286755138267
        ],
        "bond_dims": [
          100,
          200,
          300
        ]
      },
      "0.018": {
        "fidelities": [
          0.836616911694182,
          0.9682947535107358,
          0.9932122291200948
        ],
        "expvals": [
          0.002307963170307255,
          0.006810479928523527,
          0.0075736410288454615
        ],
        "bond_dims": [
          100,
          200,
          300
        ]
      },
      "0.02": {
        "fidelities": [
          0.9121785726519648,
          0.9858973349903112,
          0.9973104285626209
        ],
        "expvals": [
          0.003749001065459042,
          0.0074726811198557366,
          0.007809839189622851
        ],
        "bond_dims": [
          100,
          200,
          300
        ]
      },
      "0.022": {
        "fidelities": [
          0.9540836562420072,
          0.9939603730690644,
          0.9989523299488889
        ],
        "expvals": [
          0.004585009191977404,
          0.007516553741193364,
          0.0076675828207021365
        ],
        "bond_dims": [
          100,
          200,
          300
        ]
      },
      "0.024": {
        "fidelities": [
          0.9763291849316367,
          0.9973501210689171,
          0.9996006088867853
        ],
        "expvals": [
          0.005041460774785539,
          0.007236423588518667,
          0.0072920014655714314
        ],
        "bond_dims": [
          100,
          200,
          300
        ]
      },
      "0.026": {
        "fidelities": [
          0.98784631000423,
          0.9988019387693391,
          0.9998438446428268
        ],
        "expvals": [
          0.005062546469397095,
          0.006775046467216651,
          0.006785078424327998
        ],
        "bond_dims": [
          100,
          200,
          300
        ]
      },
      "0.028": {
        "fidelities": [
          0.993735707010089,
          0.9994519042617674,
          0.9999372260914869
        ],
        "expvals": [
          0.0051866383702627045,
          0.00622433916723341,
          0.006206689808141274
        ],
        "bond_dims": [
          100,
          200,
          300
        ]
      },
      "0.03": {
        "fidelities": [
          0.996739877731889,
          0.9997419009367298,
          0.9999738795545579
        ],
        "expvals": [
          0.0050909245429743705,
          0.005645330414118764,
          0.005618373532160603
        ],
        "bond_dims": [
          100,
          200,
          300
        ]
      },
      "0.032": {
        "fidelities": [
          0.9982627125124706,
          0.9998777770425566,
          0.9999888218178797
        ],
        "expvals": [
          0.004675291831069884,
          0.005063119752139077,
          0.0050371761655648075
        ],
        "bond_dims": [
          100,
          200,
          300
        ]
      },
      "0.034": {
        "fidelities": [
          0.9990569464256499,
          0.9999422885395568,
          0.9999951087989039
        ],
        "expvals": [
          0.004310936686844166,
          0.004500529330327378,
          0.004481027847639802
        ],
        "bond_dims": [
          100,
          200,
          300
        ]
      },
      "0.0": {
        "fidelities": [
          0.9744316898542923,
          0.9999431595041616,
          0.9999999409750004
        ],
        "expvals": [
          -0.05490435025781387,
          -0.052731664429914143,
          -0.052729816886837456
        ],
        "bond_dims": [
          25,
          50,
          100
        ]
      }
    }
  }
  