{
  "description": "Emulation fidelity vs actual fidelity of the emulation computed via exact simulation for different depolarizing noise strengths. The circuit used was time evolution of a 10-qubit TFIM instance for 10 Trotter steps.",
  "data": {
    "0.010000000000000009": {
      "emulation_fidelities": [
        0.02863834469913426,
        0.2278143497026919,
        0.33035819693651214,
        0.428994691685618,
        0.5128310604417626,
        0.5896842629040739,
        0.652629933131036,
        0.696305935550932,
        0.8766452970216388,
        0.9392585380494571,
        0.966081045988775,
        0.9942145655078114,
        0.9995808185503376
      ],
      "exact_fidelities": [
        0.7020013827985995,
        0.729889228790448,
        0.8095726289872146,
        0.9025671156077543,
        0.9262856280148396,
        0.9438432754742542,
        0.9614542622752436,
        0.9716470626032812,
        0.9950537329089371,
        0.9981757724973801,
        0.9992892615967931,
        0.9999349642432445,
        0.9999990965045122
      ]
    },
    "-8.99": {
      "emulation_fidelities": [
        0.024376427717972944,
        0.20678775701977703,
        0.30137923401339634,
        0.41489320531917184,
        0.5036312592021791,
        0.581168061579978,
        0.645647063592114,
        0.6911193110847166,
        0.8808894219569002,
        0.9455227601457825,
        0.9713878662409108,
        0.996103276354204,
        0.9998303263584889
      ],
      "exact_fidelities": [
        0.746110035973983,
        0.8240146307177592,
        0.9008881820552905,
        0.9255713086350671,
        0.9453947913957693,
        0.9641664216572907,
        0.9726877470051679,
        0.9802095041485271,
        0.9947053808255728,
        0.9982281955287249,
        0.999457571715064,
        0.9999551860115661,
        0.9999997358654072
      ]
    },
    "0.99": {
      "emulation_fidelities": [
        0.01812789474306867,
        0.22290698192661956,
        0.339951262915725,
        0.4277912349892396,
        0.5285773327138088,
        0.6094025057668042,
        0.6737815036191868,
        0.7195863145718059,
        0.9005618311454178,
        0.957068174337756,
        0.977965605577999,
        0.9971416790176014,
        0.9998875182817839
      ],
      "exact_fidelities": [
        0.6897367844767681,
        0.839119543508098,
        0.8977373686173358,
        0.933791435863486,
        0.9563246395805126,
        0.9708409495023984,
        0.9727795116137057,
        0.9776532758555514,
        0.995576825919125,
        0.9988682693275374,
        0.9998434478620923,
        0.9999566103400418,
        0.9999997126947142
      ]
    }
  }
}