{
  "description": "NZNE using a direct fit to an exponential ansatz for <Z> on the XY model on 60 qubits.",
  "data": {
    "noise_strengths": [
      0.0,
      0.004,
      0.006,
      0.014,
      0.016,
      0.018,
      0.02,
      0.022,
      0.024,
      0.026,
      0.028,
      0.03,
      0.032,
      0.034
    ],
    "expvals": [
      -0.05272981496629493,
      -0.022736931897489165,
      -0.011524307613939619,
      0.0059489025342870025,
      0.00709002732212842,
      0.007781533785505609,
      0.007889292732046051,
      0.0076992795374922415,
      0.007301864798316442,
      0.006786581961150018,
      0.006204406953373334,
      0.005615338227566297,
      0.005034564587174495,
      0.004479221993698934
    ],
    "extrapolated_expval": -0.0337258351691465,
    "extrapolation": [
      [
        0.7217896426371543,
        0.7274674050323144,
        0.7331451674274745,
        0.7388229298226346,
        0.7445006922177948,
        0.7501784546129548,
        0.755856217008115,
        0.761533979403275,
        0.7672117417984352,
        0.7728895041935954,
        0.7785672665887554,
        0.7842450289839156,
        0.7899227913790757,
        0.7956005537742358,
        0.8012783161693959,
        0.806956078564556,
        0.8126338409597161,
        0.8183116033548763,
        0.8239893657500363,
        0.8296671281451965,
        0.8353448905403567,
        0.8410226529355167,
        0.8467004153306769,
        0.852378177725837,
        0.8580559401209971,
        0.8637337025161572,
        0.8694114649113174,
        0.8750892273064774,
        0.8807669897016376,
        0.8864447520967976,
        0.8921225144919578,
        0.8978002768871178,
        0.903478039282278,
        0.9091558016774381,
        0.9148335640725982,
        0.9205113264677584,
        0.9261890888629185,
        0.9318668512580786,
        0.9375446136532387,
        0.9432223760483989,
        0.9489001384435589,
        0.9545779008387191,
        0.9602556632338792,
        0.9659334256290393,
        0.9716111880241994,
        0.9772889504193596,
        0.9829667128145196,
        0.9886444752096797,
        0.99432223760484,
        1.0
      ],
      [
        -0.028542770632612666,
        -0.02867755540163782,
        -0.028812340170662976,
        -0.02894712493968813,
        -0.029081909708713286,
        -0.02921669447773844,
        -0.029351479246763595,
        -0.029486264015788743,
        -0.0296210487848139,
        -0.02975583355383906,
        -0.02989061832286421,
        -0.030025403091889363,
        -0.030160187860914518,
        -0.030294972629939673,
        -0.030429757398964828,
        -0.030564542167989983,
        -0.030699326937015138,
        -0.030834111706040293,
        -0.030968896475065448,
        -0.031103681244090603,
        -0.031238466013115758,
        -0.031373250782140906,
        -0.03150803555116606,
        -0.031642820320191216,
        -0.03177760508921637,
        -0.031912389858241526,
        -0.03204717462726668,
        -0.032181959396291836,
        -0.03231674416531699,
        -0.032451528934342146,
        -0.0325863137033673,
        -0.03272109847239245,
        -0.03285588324141761,
        -0.032990668010442765,
        -0.033125452779467913,
        -0.03326023754849307,
        -0.03339502231751822,
        -0.03352980708654338,
        -0.03366459185556853,
        -0.03379937662459369,
        -0.03393416139361884,
        -0.034068946162644,
        -0.03420373093166915,
        -0.03433851570069431,
        -0.03447330046971946,
        -0.03460808523874462,
        -0.034742870007769766,
        -0.03487765477679492,
        -0.03501243954582008,
        -0.03514722431484523
      ]
    ]
  }
}