{
  "description": "Relative errors of NZNE vs. single emulation. TFIM at noise strength 0.01",
  "data": {
    "relative_err_nzne": {
      "0.02728531161676893": 0.197414613921698,
      "0.08421094525838152": 0.12921566545703178,
      "0.1451001549172401": 0.11539623779348658,
      "0.19223793368982092": 0.055119911501347756,
      "0.30187062301730005": 0.03597890265686015,
      "0.39235101343357254": 0.01984329299357109,
      "0.5992290000834344": 0.05224252004326557,
      "0.7936537429189097": 0.036117844774225374,
      "0.9134728042426278": 0.026197197261427645,
      "0.9703289453523397": 0.00902471650906545
    },
    "relative_err_single_emulation": {
      "0.02728531161676893": 0.949814425067756,
      "0.08421094525838152": 0.9206406839053108,
      "0.1451001549172401": 0.8726550804086354,
      "0.19223793368982092": 0.7810719887930707,
      "0.30187062301730005": 0.6502117847166072,
      "0.39235101343357254": 0.5542802148231107,
      "0.5992290000834344": 0.33716308770073566,
      "0.7936537429189097": 0.1531489249078451,
      "0.9134728042426278": 0.048707313655263776,
      "0.9703289453523397": 0.010745732119233319
    }
  }
}