{
  "description": "Best fidelities achieved at D=32 for TFIM on 14 qubits with depolarising noise.",
  "data": {
    "0.15": 0.9984726358715617,
    "0.14": 0.9977656089162648,
    "0.13": 0.9967163508140323,
    "0.12": 0.9951889435475693,
    "0.11": 0.9925888823380148,
    "0.1": 0.9878314561726087,
    "0.09": 0.981952316138162,
    "0.08": 0.9709871017524144,
    "0.07": 0.9551955365055094,
    "0.06": 0.9261290879881158,
    "0.05": 0.8763118312472326,
    "0.04": 0.7893210172832646,
    "0.03": 0.6468089860949553,
    "0.02": 0.4714348285908341,
    "0.015": 0.4141302973031965,
    "0.01": 0.39235101343357254,
    "0.0075": 0.38424883356400424,
    "0.005": 0.3729554920856328,
    "0.001": 0.3577592972467181,
    "0.0": 0.9908062389207984
  }
}