{
  "description": "Best fidelities achieved for 60-qubit Hubbard circuit instance for each noise strength.",
  "data": {
    "0.0": 0.9774950316122417,
    "0.001": 5.266450853534938e-07,
    "0.005": 0.013166971964439991,
    "0.01": 0.21538670161318266,
    "0.02": 0.5817533194854457,
    "0.04": 0.9733298701592787,
    "0.06": 0.9969915674979941,
    "0.08": 0.9998092707884352,
    "0.1": 0.9999824755931478,
    "0.12": 0.9999987630171244,
    "0.14": 0.9999999169520003
  }
}