{
  "description": "Relative errors of NZNE vs. single emulation. TFIM at cat noise strength 0.0005",
  "data": {
    "relative_err_nzne": {
      "0.13777802992126706": 0.06334954349460449,
      "0.29186592186563026": 0.07341294981629738,
      "0.517000009913226": 0.10131328998995337,
      "0.7384429433431541": 0.06458822065211312,
      "0.8877560965755624": 0.025027925127010457,
      "0.96100486548371": 0.007167159911682998
    },
    "relative_err_single_emulation": {
      "0.13777802992126706": 0.8586284958782334,
      "0.29186592186563026": 0.6646722175615244,
      "0.517000009913226": 0.31284502107106904,
      "0.7384429433431541": 0.13017949050848632,
      "0.8877560965755624": 0.039930142855923854,
      "0.96100486548371": 0.008626973939295181
    }
  }
}