{
  "description": "NZNE vs single emulation vs exact for Hubbard model and depolarising noise.",
  "data": {
    "nzne_extrapolated_expectation_values_2site": {
      "JW_coupling_{0,1}": -0.09402607736020595,
      "JW_coupling_{2,3}": -0.06726476663649303,
      "JW_coupling_{4,5}": -0.04743668289798083,
      "JW_coupling_{6,7}": 0.0,
      "JW_coupling_{8,9}": -0.07190738759671642,
      "JW_coupling_{10,11}": -0.07492297940624006,
      "JW_coupling_{12,13}": -0.10396367928367757,
      "JW_coupling_{14,15}": -0.10045826870629589,
      "JW_coupling_{0,4}": -0.11029762674378842,
      "JW_coupling_{2,6}": -0.11172089604319149,
      "JW_coupling_{4,8}": -0.1029209690633594,
      "JW_coupling_{6,10}": -0.10023754410401946,
      "JW_coupling_{8,12}": -0.11162678290549685,
      "JW_coupling_{10,14}": 0.0,
      "JW_coupling_{1,5}": -0.1102677267251482,
      "JW_coupling_{3,7}": -0.11145169101105698,
      "JW_coupling_{5,9}": -0.10207383336566275,
      "JW_coupling_{7,11}": -0.10054811383202453,
      "JW_coupling_{9,13}": -0.1124926678801571,
      "JW_coupling_{11,15}": 0.0
    },
    "single_emulation_expectation_values_2site": {
      "JW_coupling_{0,1}": -0.061061783225465543,
      "JW_coupling_{2,3}": -0.05173898914760213,
      "JW_coupling_{4,5}": -0.046443399412651666,
      "JW_coupling_{6,7}": -0.04164971287721706,
      "JW_coupling_{8,9}": -0.04913929909421828,
      "JW_coupling_{10,11}": -0.057312743995516426,
      "JW_coupling_{12,13}": -0.06415918376224906,
      "JW_coupling_{14,15}": -0.06287738674830595,
      "JW_coupling_{0,4}": -0.08113744531497594,
      "JW_coupling_{2,6}": -0.11317911949594524,
      "JW_coupling_{4,8}": -0.08060177634616639,
      "JW_coupling_{6,10}": -0.08822722241215947,
      "JW_coupling_{8,12}": -0.07715128175088151,
      "JW_coupling_{10,14}": 2.582191296572216e-05,
      "JW_coupling_{1,5}": -0.087332147779123,
      "JW_coupling_{3,7}": -0.11192735948776215,
      "JW_coupling_{5,9}": -0.07915864303295929,
      "JW_coupling_{7,11}": -0.0872022345953489,
      "JW_coupling_{9,13}": -0.06959957043372389,
      "JW_coupling_{11,15}": -4.781345282594461e-05
    },
    "exact_values_2site": {
      "JW_coupling_{0,1}": -0.09472673368881157,
      "JW_coupling_{2,3}": -0.09531326736855483,
      "JW_coupling_{4,5}": -0.05966495362273143,
      "JW_coupling_{6,7}": -0.05956677311747714,
      "JW_coupling_{8,9}": -0.07298751818269295,
      "JW_coupling_{10,11}": -0.0740928526982644,
      "JW_coupling_{12,13}": -0.11099203672015914,
      "JW_coupling_{14,15}": -0.11104908127054645,
      "JW_coupling_{0,4}": -0.11032585836500663,
      "JW_coupling_{2,6}": -0.11118077908505765,
      "JW_coupling_{4,8}": -0.10317241749569595,
      "JW_coupling_{6,10}": -0.10118654030133184,
      "JW_coupling_{8,12}": -0.12153337475456777,
      "JW_coupling_{10,14}": 0.0,
      "JW_coupling_{1,5}": -0.11032783570146126,
      "JW_coupling_{3,7}": -0.11058399289177567,
      "JW_coupling_{5,9}": -0.10383294165334873,
      "JW_coupling_{7,11}": -0.10118411318760574,
      "JW_coupling_{9,13}": -0.12146088543870151,
      "JW_coupling_{11,15}": 0.0
    },
    "nzne_extrapolated_expectation_values_1site": {
      "n_{0}": 0.6192620960126315,
      "n_{1}": 0.3811582797716242,
      "n_{2}": 0.38185698176075145,
      "n_{3}": 0.6211549168323413,
      "n_{4}": 0.41416821534867093,
      "n_{5}": 0.5854449917191642,
      "n_{6}": 0.5,
      "n_{7}": 0.41078096873824865,
      "n_{8}": 0.5954938536871827,
      "n_{9}": 0.40386509941512166,
      "n_{10}": 0.3961223267596201,
      "n_{11}": 0.6047173795068124,
      "n_{12}": 0.4388133583234565,
      "n_{13}": 0.562032129399948,
      "n_{14}": 0.5678411728999079,
      "n_{15}": 0.43119541501131786
    },
    "single_emulation_expectation_values_1site": {
      "n_{0}": 0.5897043939515632,
      "n_{1}": 0.41172414312838235,
      "n_{2}": 0.4106804537994564,
      "n_{3}": 0.5853481583122452,
      "n_{4}": 0.41801249491550446,
      "n_{5}": 0.5801702524316027,
      "n_{6}": 0.5801942614598912,
      "n_{7}": 0.4215356140074304,
      "n_{8}": 0.5725067508316266,
      "n_{9}": 0.42767055957947225,
      "n_{10}": 0.4255841553973022,
      "n_{11}": 0.5757114989856511,
      "n_{12}": 0.4612116282717792,
      "n_{13}": 0.5378931124605092,
      "n_{14}": 0.5458580822815671,
      "n_{15}": 0.45504021054285937
    },
    "exact_values_1site": {
      "n_{0}": 0.620179272320939,
      "n_{1}": 0.3801024044727851,
      "n_{2}": 0.3832535209676011,
      "n_{3}": 0.6170402447360752,
      "n_{4}": 0.4172847853383611,
      "n_{5}": 0.582549688450671,
      "n_{6}": 0.5829957598012645,
      "n_{7}": 0.4168291476608111,
      "n_{8}": 0.5943997376906691,
      "n_{9}": 0.40578026733805506,
      "n_{10}": 0.39829076151166665,
      "n_{11}": 0.6020017994010877,
      "n_{12}": 0.4335310751332701,
      "n_{13}": 0.5660176983152939,
      "n_{14}": 0.5738777343619019,
      "n_{15}": 0.4256219332279767
    }
  }
}