{
  "description": "NZNE vs single emulation vs exact for Hubbard model and cat-qubit noise.",
  "data": {
    "nzne_extrapolated_expectation_values_2site": {
      "ZZ_{0,1}": 0.37054881470183193,
      "ZZ_{1,2}": 0.14435532100001783,
      "ZZ_{2,3}": 0.35990859525768276,
      "ZZ_{3,4}": 0.14416092617934384,
      "ZZ_{4,5}": 0.3641410882114108,
      "ZZ_{5,6}": 0.13772638145112548,
      "ZZ_{0,6}": 0.03758017738537764,
      "ZZ_{7,8}": 0.14397519207512388,
      "ZZ_{8,9}": 0.3635272599745373,
      "ZZ_{9,10}": 0.1464709247164655,
      "ZZ_{10,11}": 0.37030035099494496,
      "ZZ_{11,12}": 0.1414034355041719,
      "ZZ_{12,13}": 0.3649377642783127,
      "ZZ_{7,13}": 0.03993603490552828,
      "ZZ_{0,7}": 0.03683864487493012,
      "ZZ_{1,8}": 0.03645974649454116,
      "ZZ_{2,9}": 0.03667945113952219,
      "ZZ_{3,10}": 0.041004655899098096,
      "ZZ_{4,11}": 0.02821908451807312,
      "ZZ_{5,12}": 0.02420737332783555,
      "ZZ_{6,13}": 0.03698692769769383
    },
    "single_emulation_expectation_values_2site": {
      "ZZ_{0,1}": 0.14822259128095636,
      "ZZ_{1,2}": 0.07426345195667629,
      "ZZ_{2,3}": 0.1474938786875346,
      "ZZ_{3,4}": 0.0751121470107599,
      "ZZ_{4,5}": 0.15942654911119458,
      "ZZ_{5,6}": 0.07479176435015711,
      "ZZ_{0,6}": 0.030648558170415112,
      "ZZ_{7,8}": 0.07203661932306975,
      "ZZ_{8,9}": 0.14404195753677088,
      "ZZ_{9,10}": 0.07268131697867738,
      "ZZ_{10,11}": 0.15008983712016724,
      "ZZ_{11,12}": 0.06972982283410069,
      "ZZ_{12,13}": 0.1530922157714998,
      "ZZ_{7,13}": 0.03131339802940213,
      "ZZ_{0,7}": 0.03032924431404862,
      "ZZ_{1,8}": 0.029695078184595287,
      "ZZ_{2,9}": 0.030370781746455213,
      "ZZ_{3,10}": 0.032711996927506405,
      "ZZ_{4,11}": 0.029745380042889617,
      "ZZ_{5,12}": 0.02951356663538564,
      "ZZ_{6,13}": 0.030486641955533713
    },
    "exact_values_2site": {
      "ZZ_{0,1}": 0.3457482898497999,
      "ZZ_{1,2}": 0.13097998265978245,
      "ZZ_{2,3}": 0.34911989017894074,
      "ZZ_{3,4}": 0.13261661433303093,
      "ZZ_{4,5}": 0.3471057392183994,
      "ZZ_{5,6}": 0.13185555061700496,
      "ZZ_{0,6}": 0.03983639467847,
      "ZZ_{7,8}": 0.13114507302927333,
      "ZZ_{8,9}": 0.34543614330676864,
      "ZZ_{9,10}": 0.1304254874882072,
      "ZZ_{10,11}": 0.34441497048520825,
      "ZZ_{11,12}": 0.12966427619478113,
      "ZZ_{12,13}": 0.3424401311801286,
      "ZZ_{7,13}": 0.03922091910494291,
      "ZZ_{0,7}": 0.03866500641107962,
      "ZZ_{1,8}": 0.038551330344399726,
      "ZZ_{2,9}": 0.03919215630223616,
      "ZZ_{3,10}": 0.038948713401975754,
      "ZZ_{4,11}": 0.03863496713715889,
      "ZZ_{5,12}": 0.03833821686714822,
      "ZZ_{6,13}": 0.03805395081394719
    }
  }
}